e1da3c81-86fe-11ee-bd79-508140c1c4ac.jpg,[]
22408051-86ff-11ee-a34f-508140c1c4ac.jpg,[]
2510bb41-86ff-11ee-ac41-508140c1c4ac.jpg,[]
267cf93b-86ff-11ee-890e-508140c1c4ac.jpg,[]
291859ef-86ff-11ee-a1bf-508140c1c4ac.jpg,[]
2a9ffaef-86ff-11ee-960c-508140c1c4ac.jpg,[]
2c27e9dc-86ff-11ee-9f96-508140c1c4ac.jpg,[]
2db9a5df-86ff-11ee-8765-508140c1c4ac.jpg,[]
2f5ca998-86ff-11ee-a3c4-508140c1c4ac.jpg,[]
31d49cad-86ff-11ee-8ed2-508140c1c4ac.jpg,[]
4dca6b0a-86ff-11ee-b16b-508140c1c4ac.jpg,[]
4f42ca2b-86ff-11ee-935b-508140c1c4ac.jpg,[]
514ff781-86ff-11ee-b2b0-508140c1c4ac.jpg,[]
52d006f1-86ff-11ee-a313-508140c1c4ac.jpg,[]
5446fdbe-86ff-11ee-b2e0-508140c1c4ac.jpg,[]
56150b91-86ff-11ee-898e-508140c1c4ac.jpg,[]
57cb39eb-86ff-11ee-a95b-508140c1c4ac.jpg,[]
9a9a334e-8782-11ee-9a63-508140c1c4ac.jpg,['NH12 DE1432']
9c6612df-8782-11ee-9111-508140c1c4ac.jpg,['0H12 DE1433']
9e3238ce-8782-11ee-b369-508140c1c4ac.jpg,['NH12 DE4433']
9ffd09df-8782-11ee-8282-508140c1c4ac.jpg,['HHIZ DE1433']
a21c5b39-8782-11ee-9d51-508140c1c4ac.jpg,['WH42 DE1433']
bd10b968-1606-11ef-ab22-f44ee3912949.jpg,['midelIDD']
be4ed85e-1606-11ef-b4a9-f44ee3912949.jpg,['MH12 DE1423']
bf971e03-1606-11ef-b24a-f44ee3912949.jpg,['N2DE1433']
c0dbc599-1606-11ef-a7eb-f44ee3912949.jpg,['NHIZDE14J3']
c220b086-1606-11ef-82cc-f44ee3912949.jpg,['MOEJ']
c39f62ba-1606-11ef-96a4-f44ee3912949.jpg,['N42 dE1423']
c4e1004d-1606-11ef-b06d-f44ee3912949.jpg,['MHIZDE1433']
c649ea90-1606-11ef-b901-f44ee3912949.jpg,['MHIZ DE1433']
c7bb29c6-1606-11ef-b331-f44ee3912949.jpg,['MHIZ DE142D']
c900d1af-1606-11ef-b2cd-f44ee3912949.jpg,['MHIZ DE1433']
ca52f0b8-1606-11ef-96c8-f44ee3912949.jpg,['MH1ZDE1433']
cb97e44a-1606-11ef-a6c5-f44ee3912949.jpg,['MHI2DE1433']
cce85901-1606-11ef-ab5f-f44ee3912949.jpg,['HKAZ DE 1433]']
ce2a5dbc-1606-11ef-bb78-f44ee3912949.jpg,['MHIZ DE1433']
d815f7bb-1606-11ef-8fe2-f44ee3912949.jpg,[]
d97f9be7-1606-11ef-a07d-f44ee3912949.jpg,[]
daf7b646-1606-11ef-93ed-f44ee3912949.jpg,['E0 1316']
dc6747da-1606-11ef-b061-f44ee3912949.jpg,[]
e5b4d365-172b-11ef-a13b-f44ee3912949.jpg,['133']
e7942a71-172b-11ef-b11f-f44ee3912949.jpg,[]
e92d68a6-172b-11ef-9639-f44ee3912949.jpg,[]
20f528f6-172c-11ef-8d24-f44ee3912949.jpg,[]
24c5463a-172c-11ef-b179-f44ee3912949.jpg,[]
26eff369-172c-11ef-bb1a-f44ee3912949.jpg,[]
28c36ed2-172c-11ef-adef-f44ee3912949.jpg,[]
2a7d77f3-172c-11ef-b36b-f44ee3912949.jpg,[]
2c4cdfa0-172c-11ef-a4cc-f44ee3912949.jpg,[]
2e0dbe35-172c-11ef-ad6b-f44ee3912949.jpg,[]
2fc5b5b0-172c-11ef-927e-f44ee3912949.jpg,[]
318599fd-172c-11ef-affa-f44ee3912949.jpg,[]
c2c5e1c1-172c-11ef-b007-f44ee3912949.jpg,['UPEDDYI']
c5b4e45f-172c-11ef-8dff-f44ee3912949.jpg,['UP5 30V90061']
c7528106-172c-11ef-9179-f44ee3912949.jpg,"['""P530V90061']"
c901edf3-172c-11ef-9b8e-f44ee3912949.jpg,[]
caa3c716-172c-11ef-a1af-f44ee3912949.jpg,['0p6 30V9006']
ccbd8325-172c-11ef-87fe-f44ee3912949.jpg,['Up530V9006']
ce6ed33e-172c-11ef-95f2-f44ee3912949.jpg,['UP5 30V9006']
d0ecd4a4-172c-11ef-bf99-f44ee3912949.jpg,['Up5 3DV90d61']
d287bd0c-172c-11ef-8545-f44ee3912949.jpg,['05530V9006']
d5c48a88-172c-11ef-b761-f44ee3912949.jpg,['@V900g']
d92e553e-172c-11ef-a721-f44ee3912949.jpg,['Wp530V9dda']
db0551dd-172c-11ef-8374-f44ee3912949.jpg,['UP5 J0| 9006']
dcb9401a-172c-11ef-9574-f44ee3912949.jpg,['UP5J0Vg00al']
de6c3c65-172c-11ef-9eff-f44ee3912949.jpg,['Up5 3049009']
e0b31fee-172c-11ef-b1d4-f44ee3912949.jpg,[]
e249fadf-172c-11ef-9fba-f44ee3912949.jpg,['UP5 30V9005']
025a2d4f-172d-11ef-9764-f44ee3912949.jpg,['Hho3']
0409d342-172d-11ef-bd1e-f44ee3912949.jpg,[]
06d02792-172d-11ef-b817-f44ee3912949.jpg,['4h03049647']
08612304-172d-11ef-adb0-f44ee3912949.jpg,[]
0dbb84b8-172d-11ef-b1a6-f44ee3912949.jpg,"['HH03DA964"",']"
1483fb28-172d-11ef-839b-f44ee3912949.jpg,[]
1627bc37-172d-11ef-90a6-f44ee3912949.jpg,['HHO30A96']
17aa47dc-172d-11ef-bba1-f44ee3912949.jpg,['Hh030a964']
1e6abc9b-172d-11ef-b619-f44ee3912949.jpg,['Hho:']
20eca658-172d-11ef-9d28-f44ee3912949.jpg,['HH03dA96']
231a1416-172d-11ef-88cb-f44ee3912949.jpg,['HHO3DA']
2548dffa-172d-11ef-aaf9-f44ee3912949.jpg,['HH03']
27beb502-172d-11ef-a5c5-f44ee3912949.jpg,['HHO3D']
faf940fa-172e-11ef-8771-f44ee3912949.jpg,[]
fc9f1e8c-172e-11ef-ab15-f44ee3912949.jpg,['HH12 DE1433']
fe4c6b5a-172e-11ef-800d-f44ee3912949.jpg,[]
ffe55dc0-172e-11ef-af93-f44ee3912949.jpg,[]
020c03f9-172f-11ef-8f84-f44ee3912949.jpg,['[H12 0EL4JJ']
